{
    "datapath": "../datasets",
    "embdpath": "../embeddings",
    "datafolder": "formulai",
    "dataset": "formulai-08-features-10-noise",
    "drop-columns": [],
    "subject-column": "sample",
    "subject-type": "sample",
    "labels": [
        "label"
    ],
    "target-label-values": [
        "R"
    ],
    "include-labels": false,
    "continuous-features": [
        "Fv4",
        "Fv5",
        "Fv6",
        "Fv7"
    ],
    "continuous-margin": 0.1,
    "continuous-ranges": {
        "Fv4": [
            -1.01999,
            10.01989
        ],
        "Fv5": [
            -1.01997,
            10.01967
        ],
        "Fv6": [
            -1.01994,
            10.01934
        ],
        "Fv7": [
            -1.01994,
            10.01934
        ]
    },
    "types": {
        "label": "label",
        "Fc0": "Fc0",
        "Fc1": "Fc1",
        "Fc2": "Fc2",
        "Fc3": "Fc3",
        "Fv4": "Fv4",
        "Fv5": "Fv5",
        "Fv6": "Fv6",
        "Fv7": "Fv7"
    },
    "synner": {
        "sample": ["replicate",1.0],
        "label": ["replicate",0.0,"categorical_weighted_random_choice"],
        "Fc0": ["replicate",0.0,"categorical_weighted_random_choice"],
        "Fc1": ["replicate",0.0,"categorical_weighted_random_choice"],
        "Fc2": ["replicate",0.0,"categorical_weighted_random_choice"],
        "Fc3": ["replicate",0.0,"categorical_weighted_random_choice"],
        "Fv4": ["replicate",0.0,"continuous_weighted_average",0,"positive"],
        "Fv5": ["replicate",0.0,"continuous_weighted_average",0,"positive"],
        "Fv6": ["replicate",0.0,"continuous_weighted_average",0,"positive"],
        "Fv7": ["replicate",0.0,"continuous_weighted_average",0,"positive"]
    }
}