{
    "datapath": "../datasets",
    "embdpath": "../embeddings",
    "datafolder": "kaggle-hritaban02-avila-dataset",
    "dataset": "avila",
    "drop-columns": [],
    "subject-column": "PA",
    "subject-type": "PA",
    "labels": [
        "LABEL"
    ],
    "target-label-values": [
        [
            "W",
            "A",
            "I",
            "E",
            "F",
            "Y",
            "H",
            "D",
            "G",
            "X",
            "C",
            "B"
        ]
    ],
    "include-labels": false,
    "privacy-labels": {
        "F1":[
			-3.498799,
			11.819916,
			0.000852444,
			0.991383801
		],
        "F2":[
			-2.426761,
			386,
			0.033610592,
			3.920680497
		],
        "F3":[
			-3.210528,
			50,
			-0.000525342,
			1.120148278
		],
        "F4":[
			-5.440122,
			3.987152,
			-0.002386668,
			1.008478223
		],
        "F5":[
			-4.922215,
			1.066121,
			0.006369532,
			0.99200576
		],
        "F6":[
			-7.450257,
			53,
			0.013972864,
			1.126191111
		],
        "F7":[
			-11.935457,
			83,
			0.005605412,
			1.313691303
		],
        "F8":[
			-4.247781,
			13.173081,
			0.010322553,
			1.003458977
		],
        "F9":[
			-5.486218,
			44,
			0.012914099,
			1.087613338
		],
        "F0":[
			-6.719324,
			4.671232,
			0.000817722,
			1.007045668
		]
    },
    "continuous-features": [
        "F1",
        "F2",
        "F3",
        "F4",
        "F5",
        "F6",
        "F7",
        "F8",
        "F9",
        "F0"
    ],
    "continuous-margin": 0.1,
    "types": {
        "F1": "F1",
        "F2": "F2",
        "F3": "F3",
        "F4": "F4",
        "F5": "F5",
        "F6": "F6",
        "F7": "F7",
        "F8": "F8",
        "F9": "F9",
        "F0": "F0",
        "LABEL": "LABEL"
    },
    "continuous-ranges": {
        "F1": [
            -5.0306705,
            13.351787499999999
        ],
        "F2": [
            -41.269437100000005,
            424.8426761
        ],
        "F3": [
            -8.5315808,
            55.321052800000004
        ],
        "F4": [
            -6.3828494,
            4.9298794
        ],
        "F5": [
            -5.521048599999999,
            1.6649546000000002
        ],
        "F6": [
            -13.4952827,
            59.0450257
        ],
        "F7": [
            -21.429002699999998,
            92.4935457
        ],
        "F8": [
            -5.9898672,
            14.915167199999999
        ],
        "F9": [
            -10.4348398,
            48.9486218
        ],
        "F0": [
            -8.5823902,
            13.774404200000001
        ]
    },
    "synner": {
        "PA": [
            "replicate",
            1.0
        ],
        "F1": [
            "replicate",
            0.0,
            "continuous_weighted_average",
            6
        ],
        "F2": [
            "replicate",
            0.0,
            "continuous_weighted_average",
            6
        ],
        "F3": [
            "replicate",
            0.0,
            "continuous_weighted_average",
            6
        ],
        "F4": [
            "replicate",
            0.0,
            "continuous_weighted_average",
            6
        ],
        "F5": [
            "replicate",
            0.0,
            "continuous_weighted_average",
            6
        ],
        "F6": [
            "replicate",
            0.0,
            "continuous_weighted_average",
            6
        ],
        "F7": [
            "replicate",
            0.0,
            "continuous_weighted_average",
            6
        ],
        "F8": [
            "replicate",
            0.0,
            "continuous_weighted_average",
            6
        ],
        "F9": [
            "replicate",
            0.0,
            "continuous_weighted_average",
            6
        ],
        "F0": [
            "replicate",
            0.0,
            "continuous_weighted_average",
            6
        ],
        "LABEL": [
            "replicate",
            1.0
        ]
    }
}